<?xml version="1.0" encoding="UTF-8"?>
<metadata modelVersion="1.1.0">
  <groupId>com.rotanava.face</groupId>
  <artifactId>common</artifactId>
  <version>1.0-SNAPSHOT</version>
  <versioning>
    <snapshot>
      <timestamp>20211022.092741</timestamp>
      <buildNumber>1</buildNumber>
    </snapshot>
    <lastUpdated>20211022092741</lastUpdated>
    <snapshotVersions>
      <snapshotVersion>
        <extension>pom</extension>
        <value>1.0-20211022.092741-1</value>
        <updated>20211022092741</updated>
      </snapshotVersion>
    </snapshotVersions>
  </versioning>
</metadata>
